<?xml version="1.0"?>
<doc>
    <assembly>
        <name>Serilog.Sinks.Literate</name>
    </assembly>
    <members>
        <member name="T:Serilog.LoggerConfigurationLiterateExtensions">
            <summary>
            Adds the WriteTo.LiterateConsole() extension method to <see cref="T:Serilog.LoggerConfiguration"/>.
            </summary>
        </member>
        <member name="M:Serilog.LoggerConfigurationLiterateExtensions.LiterateConsole(Serilog.Configuration.LoggerSinkConfiguration,Serilog.Events.LogEventLevel,System.String,System.IFormatProvider,System.Nullable{Serilog.Events.LogEventLevel})">
            <summary>
            Writes log events to <see cref="T:System.Console"/>, using pretty printing to display inline event data.
            </summary>
            <param name="sinkConfiguration">Logger sink configuration.</param>
            <param name="restrictedToMinimumLevel">The minimum level for
            events passed through the sink.</param>
            <param name="outputTemplate">A message template describing the format used to write to the sink.
            the default is "{Timestamp} [{Level}] {Message}{NewLine}{Exception}".</param>
            <param name="formatProvider">Supplies culture-specific formatting information, or null.</param>
            <param name="standardErrorFromLevel">Specifies the level at which events will be written to standard error.</param>
            <returns>Configuration object allowing method chaining.</returns>
        </member>
    </members>
</doc>
